timestamp,long_percentage
2026-02-02 16:03:27,58
2026-02-02 18:04:50,57
2026-02-03 17:38:32,60
2026-02-03 18:39:09,62
2026-02-03 19:51:06,62
2026-02-03 20:07:03,62
2026-02-03 22:01:36,63
2026-02-04 16:31:42,63
2026-02-04 18:11:26,64
2026-02-04 19:50:09,65
2026-02-04 20:04:35,65
2026-02-04 21:53:21,65
2026-02-05 16:31:52,65
2026-02-05 18:33:39,65
2026-02-05 19:30:38,65
2026-02-05 21:51:23,65
2026-02-06 16:10:12,65
2026-02-06 18:06:51,65
2026-02-06 19:30:45,65
2026-02-06 20:02:10,65
2026-02-06 21:51:19,65
2026-02-09 17:33:13,60
2026-02-09 18:39:48,59
2026-02-09 20:07:14,59
2026-02-09 21:05:03,59
2026-02-09 22:07:57,59
2026-02-10 17:52:53,60
2026-02-10 19:46:57,60
2026-02-10 20:07:47,60
2026-02-10 21:30:23,60
2026-02-10 22:26:50,60
2026-02-11 17:44:46,60
2026-02-11 19:41:11,60
2026-02-11 20:00:12,60
2026-02-11 21:00:50,60
2026-02-11 22:02:11,60
2026-02-12 17:49:49,62
2026-02-12 19:36:59,62
2026-02-12 19:54:33,62
2026-02-12 20:03:25,62
2026-02-12 21:59:47,62
2026-02-13 16:29:47,63
2026-02-13 18:02:01,63
2026-02-13 19:53:47,63
2026-02-13 20:06:11,63
2026-02-13 22:03:00,63
2026-02-16 16:27:36,60
2026-02-16 18:00:09,60
2026-02-16 19:24:47,60
2026-02-16 19:56:56,60
2026-02-16 21:50:18,60
2026-02-17 17:45:24,61
2026-02-17 18:39:02,61
2026-02-17 19:55:50,61
2026-02-17 21:06:36,61
2026-02-17 21:54:34,61
2026-02-18 17:44:13,60
2026-02-18 18:09:29,60
2026-02-18 19:57:05,61
2026-02-18 21:04:50,61
2026-02-18 21:59:11,60
2026-02-19 17:38:00,61
2026-02-19 18:36:30,61
2026-02-19 19:44:28,61
2026-02-19 20:04:30,61
2026-02-19 21:59:01,61
2026-02-20 16:06:21,60
2026-02-20 17:59:28,60
2026-02-20 19:29:37,60
2026-02-20 19:57:55,60
2026-02-20 21:03:08,60
2026-02-23 17:52:10,58
2026-02-23 19:44:27,59
2026-02-23 20:05:27,58
2026-02-23 21:31:27,59
2026-02-23 22:29:11,59
2026-02-24 17:46:47,58
2026-02-24 19:34:33,58
2026-02-24 20:00:17,58
2026-02-24 20:04:31,58
2026-02-24 22:02:50,58
2026-02-25 17:47:26,57
2026-02-25 19:35:22,57
2026-02-25 19:56:08,57
2026-02-25 20:06:02,57
2026-02-25 21:59:34,57
2026-02-26 17:49:33,60
2026-02-26 18:11:26,60
2026-02-26 19:54:03,60
2026-02-26 21:00:10,61
2026-02-26 21:52:00,60
2026-02-27 16:04:55,61
2026-02-27 17:57:45,60
2026-02-27 19:25:08,60
2026-02-27 19:59:05,61
2026-02-27 21:48:19,61
2026-03-02 16:06:45,54
2026-03-02 18:04:02,53
2026-03-02 19:28:19,53
2026-03-02 20:03:26,53
2026-03-02 21:58:32,53
2026-03-03 15:11:07,56
2026-03-03 16:54:49,56
2026-03-03 18:06:55,56
2026-03-03 19:41:04,56
2026-03-03 20:57:00,56
2026-03-04 15:03:21,56
2026-03-04 16:52:47,56
2026-03-04 18:04:54,56
2026-03-04 19:40:14,55
2026-03-04 20:57:38,55
2026-03-05 15:11:52,55
2026-03-05 18:07:54,56
2026-03-05 18:59:07,56
2026-03-05 19:53:57,56
2026-03-05 21:01:51,56
2026-03-06 15:03:16,56
2026-03-06 16:46:21,56
2026-03-06 18:00:44,56
2026-03-06 19:36:33,56
2026-03-06 20:56:21,56
2026-03-09 15:16:44,59
2026-03-09 17:00:06,57
2026-03-09 18:07:50,57
2026-03-09 19:42:57,57
2026-03-09 20:59:47,56
2026-03-10 15:15:47,56
2026-03-10 16:59:02,56
2026-03-10 18:08:38,56
2026-03-10 19:40:16,56
2026-03-10 20:58:42,55
2026-03-11 15:11:47,55
2026-03-11 16:57:17,56
2026-03-11 18:10:52,56
2026-03-11 19:43:15,56
2026-03-11 20:58:06,56
2026-03-12 15:14:49,56
2026-03-12 17:01:33,57
2026-03-12 18:10:19,57
2026-03-12 19:44:35,57
2026-03-12 21:00:45,57
2026-03-13 15:08:18,57
2026-03-13 16:44:19,57
2026-03-13 18:01:40,58
2026-03-13 19:36:15,58
2026-03-13 21:01:34,58
2026-03-16 15:38:48,57
2026-03-16 17:05:45,57
2026-03-16 18:33:19,57
2026-03-16 19:54:01,56
2026-03-16 21:05:29,57
2026-03-17 18:13:19,57
2026-03-17 21:05:18,56
2026-03-18 15:46:18,56
2026-03-18 17:05:38,56
2026-03-18 18:32:19,57
2026-03-18 19:51:22,57
2026-03-18 21:03:42,57
2026-03-19 15:11:35,58
2026-03-19 17:01:49,58
2026-03-19 18:09:56,58
2026-03-19 19:48:56,58
2026-03-19 21:03:35,58
2026-03-20 15:11:41,59
2026-03-20 16:50:51,59
2026-03-20 18:02:21,59
2026-03-20 19:38:47,60
2026-03-20 20:58:10,60
2026-03-23 15:43:00,61
2026-03-23 16:59:15,60
2026-03-23 18:10:12,61
2026-03-23 19:51:06,60
2026-03-23 21:02:02,60
2026-03-24 15:39:38,61
2026-03-24 18:14:05,61
2026-03-24 19:54:30,61
2026-03-25 15:43:21,62
2026-03-25 17:06:47,62
2026-03-25 18:31:17,62
2026-03-25 21:02:01,62
2026-03-26 15:49:25,62
2026-03-26 17:06:38,63
2026-03-26 18:35:36,63
2026-03-26 19:56:56,63
2026-03-26 20:58:48,63
2026-03-27 15:14:42,63
2026-03-27 17:00:06,63
2026-03-27 18:12:01,63
2026-03-27 19:42:26,64
2026-03-27 21:04:13,63
2026-03-30 15:50:07,66
2026-03-30 17:00:37,66
2026-03-30 18:13:47,66
2026-03-30 19:57:23,66
2026-03-30 21:08:44,66
2026-03-31 17:02:13,64
2026-03-31 18:13:27,63
2026-03-31 19:56:11,62
2026-03-31 21:11:25,62
2026-04-01 15:51:01,61
2026-04-01 17:00:00,61
2026-04-01 18:10:32,60
2026-04-01 19:59:08,61
2026-04-01 21:08:30,61
2026-04-02 15:34:08,60
2026-04-02 16:59:50,60
2026-04-02 18:09:23,59
2026-04-02 19:52:06,59
2026-04-02 21:02:18,59
2026-04-03 15:07:32,59
2026-04-03 16:44:51,59
2026-04-03 18:02:13,59
2026-04-03 19:40:04,59
2026-04-03 21:02:22,59
2026-04-06 15:11:27,53
2026-04-06 16:54:15,53
2026-04-06 18:12:47,53
2026-04-06 19:54:19,53
2026-04-06 21:03:34,53
2026-04-07 15:53:18,54
2026-04-07 17:03:49,55
2026-04-07 18:31:52,54
2026-04-07 19:58:44,54
2026-04-07 21:10:56,54
2026-04-08 15:53:51,54
2026-04-08 17:07:43,54
2026-04-08 18:47:57,54
2026-04-08 20:03:36,54
2026-04-09 16:00:35,53
2026-04-09 17:11:56,53
2026-04-09 18:37:16,53
2026-04-09 20:03:38,53
2026-04-09 21:08:48,53
2026-04-10 15:13:02,53
2026-04-10 16:55:46,53
2026-04-10 18:08:58,53
2026-04-10 19:46:53,53
2026-04-10 21:03:37,53
2026-05-20 19:40:20,51
2026-05-20 22:10:53,51
2026-05-21 17:10:36,52
2026-05-21 18:05:31,52
2026-05-21 19:27:33,52
2026-05-21 20:52:10,52
2026-05-21 21:57:15,52
2026-05-22 16:41:06,52
2026-05-22 17:55:19,52
2026-05-22 19:13:27,52
2026-05-22 20:44:38,52
2026-05-22 21:42:41,52
2026-06-04 17:27:49,51
2026-06-04 18:21:12,51
2026-06-04 19:37:49,51
2026-06-04 21:01:59,51
2026-06-04 22:01:05,51
2026-06-05 16:46:25,54
2026-06-05 17:58:48,55
2026-06-05 19:18:08,55
2026-06-05 20:49:10,57
2026-06-08 17:33:46,58
2026-06-08 18:28:21,58
2026-06-08 19:40:21,58
2026-06-08 21:12:10,58
2026-06-08 22:10:20,58
2026-06-09 17:08:27,60
2026-06-09 18:09:22,60
2026-06-09 19:34:50,60
2026-06-09 22:06:52,59
2026-06-10 17:41:47,60
2026-06-10 18:32:37,60
2026-06-10 19:54:30,60
2026-06-10 21:26:01,60
2026-06-10 22:27:07,60
2026-06-11 17:49:54,60
2026-06-11 18:49:12,59
2026-06-11 19:58:55,59
2026-06-11 21:22:49,60
2026-06-11 22:22:32,60
2026-06-12 17:20:45,61
2026-06-12 18:10:16,61
2026-06-12 19:30:53,61
2026-06-12 21:03:02,61
2026-06-12 22:06:36,61
2026-06-16 18:42:21,55
2026-06-16 19:40:01,55
2026-06-16 20:24:39,55
2026-06-16 21:43:22,55
2026-06-16 22:30:20,56
2026-06-17 17:34:17,56
2026-06-17 18:22:47,56
2026-06-17 19:36:32,56
2026-06-17 21:08:34,57
2026-06-17 22:20:35,57
2026-06-18 17:48:20,56
2026-06-18 18:31:17,56
2026-06-18 19:41:04,56
2026-06-18 21:24:14,56
2026-06-18 22:35:24,56
2026-06-19 16:45:35,56
2026-06-19 18:01:58,56
2026-06-19 19:15:15,56
2026-06-19 20:27:15,56
2026-06-19 21:44:03,56
2026-06-22 18:32:05,53
2026-06-22 19:32:44,53
2026-06-22 20:20:51,53
2026-06-22 21:32:39,53
2026-06-22 22:21:53,53
2026-06-23 17:00:02,60
2026-06-23 17:59:45,60
2026-06-23 19:27:47,61
2026-06-23 21:01:32,61
2026-06-23 21:56:34,61
2026-06-24 16:37:35,61
2026-06-24 17:57:15,60
2026-06-24 19:12:01,61
2026-06-24 20:49:48,61
2026-06-24 21:53:46,61
2026-06-25 16:40:38,62
2026-06-25 18:12:50,61
2026-06-25 19:25:48,61
2026-06-25 20:59:27,61
2026-06-25 22:00:54,61
2026-06-26 16:32:05,62
2026-06-26 17:51:29,62
2026-06-26 19:19:53,62
2026-06-26 20:48:21,62
2026-06-26 21:48:14,62
2026-06-29 17:16:35,57
2026-06-29 18:10:30,56
2026-06-29 19:22:19,56
2026-06-29 20:50:26,55
2026-06-29 21:52:03,55
2026-06-30 16:36:09,55
2026-06-30 17:58:38,55
2026-06-30 19:19:52,55
2026-06-30 20:58:12,54
2026-06-30 21:55:24,55
2026-07-01 16:43:44,57
2026-07-01 17:59:56,57
2026-07-01 19:18:58,57
2026-07-01 20:48:48,57
2026-07-01 21:59:22,57
2026-07-02 16:19:32,60
2026-07-02 17:51:39,61
2026-07-02 18:58:30,61
2026-07-02 21:43:52,61
2026-07-03 16:05:25,61
2026-07-03 17:28:46,60
2026-07-03 18:47:40,60
2026-07-03 20:15:46,60
2026-07-03 21:40:09,60
2026-07-06 17:19:43,58
2026-07-06 18:13:15,58
2026-07-06 19:17:25,58
2026-07-06 20:53:59,58
2026-07-06 21:55:20,58
2026-07-07 16:44:49,62
2026-07-07 18:02:43,62
2026-07-07 19:21:15,62
2026-07-07 20:50:46,62
2026-07-07 21:53:25,62
2026-07-08 16:14:44,61
2026-07-08 17:40:11,61
2026-07-08 18:55:25,61
2026-07-08 20:22:02,61
2026-07-08 21:40:32,61
2026-07-09 17:00:06,60
2026-07-09 17:59:30,60
2026-07-09 19:08:41,60
2026-07-09 20:48:02,59
2026-07-09 21:57:05,59
2026-07-10 16:36:55,60
2026-07-10 17:49:59,60
2026-07-10 19:01:52,60
2026-07-10 20:25:04,60
2026-07-10 21:35:10,60
2026-07-13 16:45:50,57
2026-07-13 17:57:20,57
2026-07-13 18:56:28,57
2026-07-13 20:16:50,58
2026-07-13 21:28:57,58
2026-07-14 15:55:20,58
2026-07-14 17:17:43,58
2026-07-14 18:39:56,58
2026-07-14 20:13:17,58
2026-07-14 21:30:54,58
2026-07-15 15:59:58,59
2026-07-15 17:20:34,60
2026-07-15 18:39:10,59
2026-07-15 20:10:36,59
2026-07-15 21:30:00,59
2026-07-16 15:53:22,60
2026-07-16 17:20:31,61
2026-07-16 18:41:32,61
2026-07-16 20:03:56,61
2026-07-16 21:32:42,61
2026-07-17 15:54:09,62
2026-07-17 17:15:25,62
2026-07-17 18:34:58,62
2026-07-17 20:06:48,62
2026-07-17 21:14:59,63
2026-07-20 16:07:59,63
2026-07-20 18:06:57,62
2026-07-20 19:14:11,62
2026-07-20 20:22:37,62
2026-07-20 21:42:04,62
2026-07-21 15:59:33,60
2026-07-21 17:23:37,60
2026-07-21 18:50:33,59
2026-07-21 20:20:01,59
2026-07-21 21:39:20,59
2026-07-22 15:57:24,60
2026-07-22 17:23:26,60
2026-07-22 18:43:08,60
2026-07-22 20:12:37,60
2026-07-22 21:37:34,60
2026-07-23 16:07:19,62
2026-07-23 17:25:32,61
2026-07-23 18:46:54,62
2026-07-23 20:14:05,62
2026-07-23 21:35:32,62
2026-07-24 15:52:28,63
2026-07-24 17:40:36,63
2026-07-24 18:58:48,63
2026-07-24 20:21:06,63
2026-07-24 21:37:06,63
2026-07-27 16:38:24,66
2026-07-27 17:44:54,67
2026-07-27 18:57:01,67
2026-07-27 20:24:03,67
2026-07-27 21:37:57,67
2026-07-28 16:18:08,66
2026-07-28 17:37:49,66
2026-07-28 18:53:51,66
2026-07-28 20:16:55,66
2026-07-28 21:37:49,66
2026-07-29 16:00:50,67
2026-07-29 17:17:49,67
2026-07-29 18:33:03,67
2026-07-29 20:14:07,67
2026-07-29 21:26:36,67
2026-07-30 16:05:37,65
2026-07-30 17:37:55,65
2026-07-30 18:56:22,65
2026-07-30 20:15:51,65
2026-07-30 21:42:17,64
2026-07-31 16:16:05,64
2026-07-31 17:40:59,64
2026-08-03 16:45:22,58
2026-08-03 17:53:52,58
2026-08-03 19:06:45,58
2026-08-03 20:27:50,58
2026-08-03 21:40:04,58
2026-08-04 16:26:46,57
2026-08-04 17:51:07,57
2026-08-04 19:08:12,56
2026-08-04 20:26:17,56
2026-08-04 21:48:52,56
2026-08-05 16:15:52,56
2026-08-05 17:41:00,56
2026-08-05 19:02:31,56
2026-08-05 20:27:53,57
2026-08-05 21:46:18,57
2026-08-07 00:41:36,58
2026-08-07 00:57:35,58
2026-08-07 15:16:02,59
2026-08-07 16:56:37,58
2026-08-07 18:13:06,59
2026-08-07 19:53:49,59
2026-08-07 21:10:08,59
2026-08-10 15:29:49,54
2026-08-10 16:55:57,54
2026-08-10 18:14:43,54
2026-08-10 19:56:17,54
2026-08-10 21:11:48,54
2026-08-11 15:28:01,56
2026-08-11 16:59:24,57
2026-08-11 18:26:12,56
2026-08-11 20:00:45,57
2026-08-11 21:14:57,57
2026-08-12 15:28:14,57
2026-08-12 16:59:09,57
2026-08-12 18:27:11,57
2026-08-12 20:01:22,57
2026-08-12 21:14:10,57
2026-08-13 15:29:22,56
2026-08-13 16:58:28,56
2026-08-13 18:28:04,56
2026-08-13 19:56:31,56
2026-08-13 21:13:28,56
2026-08-14 15:13:51,56
2026-08-14 16:56:24,56
2026-08-14 18:25:47,56
2026-08-14 19:49:43,57
2026-08-14 20:55:52,56
2026-08-18 15:00:21,56
2026-08-18 16:40:55,57
2026-08-18 17:58:33,57
2026-08-18 19:29:21,57
2026-08-19 15:30:11,59
2026-08-19 17:51:48,60
2026-08-19 19:26:51,59
2026-08-20 15:03:16,60
2026-08-20 16:38:53,60
2026-08-20 17:57:28,60
2026-08-20 19:32:37,60
2026-08-20 20:56:49,60
2026-08-21 15:02:00,61
2026-08-21 16:37:20,61
2026-08-21 17:57:27,61
2026-08-21 19:27:11,61
2026-08-21 20:49:36,61
2026-08-24 15:08:28,61
2026-08-24 16:40:52,61
2026-08-24 17:58:48,61
2026-08-24 19:31:06,61
2026-08-24 20:59:33,61
2026-08-25 15:13:11,62
2026-08-25 16:40:13,62
2026-08-25 17:57:05,62
2026-08-25 19:33:10,62
2026-08-25 20:56:12,62
2026-08-26 15:59:06,63
2026-08-26 16:50:11,63
2026-08-26 19:24:39,62
2026-08-26 21:43:00,62
2026-08-26 23:56:57,62
2026-08-27 23:52:21,62
2026-08-28 00:48:03,62
2026-08-28 01:37:35,62
2026-08-28 02:27:11,62
2026-08-28 04:26:07,62
2026-08-28 23:36:45,56
2026-08-29 00:28:31,56
2026-08-29 01:07:22,56
2026-08-29 02:01:27,56
2026-08-29 02:53:47,56
2026-08-31 20:15:03,57
2026-08-31 21:23:09,57
2026-08-31 22:00:51,57
2026-08-31 23:09:20,57
2026-09-01 00:00:00,57
2026-09-01 17:55:07,59
2026-09-01 19:16:42,60
2026-09-01 20:04:58,60
2026-09-01 21:38:32,60
2026-09-01 22:44:12,60
2026-09-02 17:58:42,60
2026-09-02 19:17:13,61
2026-09-02 20:01:32,60
2026-09-02 21:38:09,60
2026-09-02 22:46:28,60
2026-09-03 17:57:10,60
2026-09-03 19:11:35,60
2026-09-03 20:03:05,60
2026-09-03 21:36:22,60
2026-09-03 22:43:51,60
2026-09-04 17:42:16,60
2026-09-04 18:54:02,60
2026-09-04 19:48:15,60
2026-09-04 21:18:28,60
2026-09-04 22:27:47,60
2026-09-07 18:48:24,53
2026-09-07 19:41:34,54
2026-09-07 20:44:08,53
2026-09-07 21:56:40,54
2026-09-07 22:57:34,53
2026-09-08 17:59:01,55
2026-09-08 19:19:54,55
2026-09-08 20:07:43,55
2026-09-08 21:38:20,55
2026-09-08 22:52:56,55
2026-09-09 19:09:01,55
2026-09-09 19:58:21,55
2026-09-09 21:32:34,55
2026-09-09 22:41:39,55
2026-09-10 17:46:56,57
2026-09-10 19:01:10,57
2026-09-10 19:58:04,57
2026-09-10 21:28:36,56
2026-09-10 22:43:49,56
2026-09-11 17:49:16,56
2026-09-11 19:02:38,56
2026-09-11 19:57:22,56
2026-09-11 21:34:47,56
2026-09-14 19:31:44,58
2026-09-14 20:12:15,59
2026-09-14 21:01:55,58
2026-09-14 22:18:44,59
2026-09-14 23:18:12,59
2026-09-15 18:20:10,59
2026-09-15 19:34:58,58
2026-09-15 20:23:49,58
2026-09-15 21:57:18,59
2026-09-15 23:02:28,58
2026-09-16 18:17:09,58
2026-09-16 19:26:32,59
2026-09-16 20:22:02,59
2026-09-16 21:57:11,58
2026-09-16 23:08:39,59
2026-09-17 18:23:59,58
2026-09-17 19:36:56,57
2026-09-17 20:30:02,57
2026-09-17 21:57:23,57
2026-09-17 22:59:07,57
2026-09-18 17:45:47,57
2026-09-18 18:56:33,57
2026-09-18 19:53:24,57
2026-09-18 21:28:01,57
2026-09-18 22:44:39,56
2026-09-29 19:31:56,51
2026-09-29 20:31:03,51
